-- MySQL dump 10.13  Distrib 5.7.17, for Win64 (x86_64)
--
-- Host: 45.34.12.250    Database: hcode_pagseguro
-- ------------------------------------------------------
-- Server version	5.7.33-cll-lve

/*!40101 SET @OLD_CHARACTER_SET_CLIENT=@@CHARACTER_SET_CLIENT */;
/*!40101 SET @OLD_CHARACTER_SET_RESULTS=@@CHARACTER_SET_RESULTS */;
/*!40101 SET @OLD_COLLATION_CONNECTION=@@COLLATION_CONNECTION */;
/*!40101 SET NAMES utf8 */;
/*!40103 SET @OLD_TIME_ZONE=@@TIME_ZONE */;
/*!40103 SET TIME_ZONE='+00:00' */;
/*!40014 SET @OLD_UNIQUE_CHECKS=@@UNIQUE_CHECKS, UNIQUE_CHECKS=0 */;
/*!40014 SET @OLD_FOREIGN_KEY_CHECKS=@@FOREIGN_KEY_CHECKS, FOREIGN_KEY_CHECKS=0 */;
/*!40101 SET @OLD_SQL_MODE=@@SQL_MODE, SQL_MODE='NO_AUTO_VALUE_ON_ZERO' */;
/*!40111 SET @OLD_SQL_NOTES=@@SQL_NOTES, SQL_NOTES=0 */;

--
-- Table structure for table `tb_addresses`
--

DROP TABLE IF EXISTS `tb_addresses`;
/*!40101 SET @saved_cs_client     = @@character_set_client */;
/*!40101 SET character_set_client = utf8 */;
CREATE TABLE `tb_addresses` (
  `idaddress` int(11) NOT NULL AUTO_INCREMENT,
  `idperson` int(11) NOT NULL,
  `desaddress` varchar(128) NOT NULL,
  `desnumber` varchar(16) NOT NULL,
  `descomplement` varchar(32) DEFAULT NULL,
  `descity` varchar(32) NOT NULL,
  `desstate` varchar(32) NOT NULL,
  `descountry` varchar(32) NOT NULL,
  `deszipcode` char(8) NOT NULL,
  `desdistrict` varchar(32) NOT NULL,
  `dtregister` timestamp NOT NULL DEFAULT CURRENT_TIMESTAMP,
  PRIMARY KEY (`idaddress`),
  KEY `fk_addresses_persons_idx` (`idperson`),
  CONSTRAINT `fk_addresses_persons` FOREIGN KEY (`idperson`) REFERENCES `tb_persons` (`idperson`) ON DELETE NO ACTION ON UPDATE NO ACTION
) ENGINE=InnoDB AUTO_INCREMENT=22 DEFAULT CHARSET=utf8;
/*!40101 SET character_set_client = @saved_cs_client */;

--
-- Dumping data for table `tb_addresses`
--

LOCK TABLES `tb_addresses` WRITE;
/*!40000 ALTER TABLE `tb_addresses` DISABLE KEYS */;
INSERT INTO `tb_addresses` VALUES (11,11,'Avenida Ministro Petrônio Portela','2001','Bl E AP 23','São Paulo','SP','Brasil','02802-12','Freguesia do O','2021-02-24 03:20:23'),(12,11,'Avenida Ministro Petronio Portela','2001','Bl E AP 23','Sao Paulo','SP','Brasil','02802120','Vila Amelia','2021-02-24 04:13:01'),(13,11,'Rua Carlos Weber','211','','São Paulo','SP','Brasil','05303000','Vila Leopoldina','2021-02-25 01:25:10'),(14,11,'Rua Arcebispo Santos','233','','Angra dos Reis','RJ','Brasil','23900160','Centro','2021-02-25 01:30:42'),(15,11,'Rua Arcebispo Santos','231','','Angra dos Reis','RJ','Brasil','23900160','Centro','2021-02-25 01:48:36'),(16,11,'Rua Arcebispo Santos','211','','Angra dos Reis','RJ','Brasil','23900160','Centro','2021-02-25 01:54:34'),(17,11,'Avenida Paulista','500','de 612 a 1510 - lado par','São Paulo','SP','Brasil','01310100','Bela Vista','2021-02-26 00:35:34'),(18,12,'Avenida Paulista','54','de 612 a 1510 - lado par','São Paulo','SP','Brasil','01310100','Bela Vista','2021-02-26 01:25:15'),(19,12,'Avenida Paulista','500','de 612 a 1510 - lado par','Sao Paulo','SP','Brasil','01310100','Bela Vista','2021-02-26 01:28:40'),(20,13,'Avenida Paulista','500','de 612 a 1510 - lado par','Sao Paulo','SP','Brasil','01310100','Bela Vista','2021-02-26 01:38:21'),(21,13,'Avenida Paulista','500','de 612 a 1510 - lado par','Sao Paulo','SP','Brasil','01310100','Bela Vista','2021-02-26 02:52:58');
/*!40000 ALTER TABLE `tb_addresses` ENABLE KEYS */;
UNLOCK TABLES;

--
-- Table structure for table `tb_carts`
--

DROP TABLE IF EXISTS `tb_carts`;
/*!40101 SET @saved_cs_client     = @@character_set_client */;
/*!40101 SET character_set_client = utf8 */;
CREATE TABLE `tb_carts` (
  `idcart` int(11) NOT NULL AUTO_INCREMENT,
  `dessessionid` varchar(64) NOT NULL,
  `iduser` int(11) DEFAULT NULL,
  `deszipcode` char(8) DEFAULT NULL,
  `vlfreight` decimal(10,2) DEFAULT NULL,
  `nrdays` int(11) DEFAULT NULL,
  `dtregister` timestamp NOT NULL DEFAULT CURRENT_TIMESTAMP,
  PRIMARY KEY (`idcart`),
  KEY `FK_carts_users_idx` (`iduser`),
  CONSTRAINT `fk_carts_users` FOREIGN KEY (`iduser`) REFERENCES `tb_users` (`iduser`) ON DELETE NO ACTION ON UPDATE NO ACTION
) ENGINE=InnoDB AUTO_INCREMENT=24 DEFAULT CHARSET=utf8;
/*!40101 SET character_set_client = @saved_cs_client */;

--
-- Dumping data for table `tb_carts`
--

LOCK TABLES `tb_carts` WRITE;
/*!40000 ALTER TABLE `tb_carts` DISABLE KEYS */;
INSERT INTO `tb_carts` VALUES (7,'1bab3de1ea0cc4c1152950a83ce5af57',NULL,NULL,NULL,NULL,'2021-02-24 03:08:56'),(8,'0ea56ebb28b457c751e3edb9770dde4d',NULL,'23900160',136.79,2,'2021-02-24 03:08:56'),(9,'016efa8bed21e835089934209961662d',NULL,NULL,NULL,NULL,'2021-02-24 03:19:27'),(10,'scbqhjoj002pif1oi8f6kqgnkv',NULL,NULL,NULL,NULL,'2021-02-24 14:05:13'),(11,'187b7279a588738d48241d19284e4b08',NULL,NULL,NULL,NULL,'2021-02-24 18:21:18'),(12,'0dc952d2f64299dc88f0dbadcd034e87',NULL,NULL,NULL,NULL,'2021-02-24 18:21:36'),(13,'2d62f1ab46592b9739ef1d3a21685d63',NULL,NULL,NULL,NULL,'2021-02-24 22:27:35'),(14,'9ea80c972c696409f3fac42bbf582b28',NULL,NULL,NULL,NULL,'2021-02-24 22:52:28'),(15,'rifuq2bli0s53ntsgq3485cadv',NULL,'23900160',82.64,2,'2021-02-25 01:46:13'),(16,'72dea686336cc47a3378bdce0fc77dac',NULL,NULL,NULL,NULL,'2021-02-25 07:32:11'),(17,'7493d40144964f07b175f56bdaaecb1e',NULL,NULL,NULL,NULL,'2021-02-25 08:35:51'),(18,'323af507192c2904e4706a76ea5cfb76',NULL,NULL,NULL,NULL,'2021-02-25 09:08:50'),(19,'cc8ca650ce4a8bae2173718483299f27',NULL,NULL,NULL,NULL,'2021-02-25 18:11:37'),(20,'1004e3cd522403d1a9bb391ccb72128b',NULL,NULL,NULL,NULL,'2021-02-25 18:29:34'),(21,'cf4a8b60cdf954c24e8a925539b6514f',NULL,NULL,NULL,NULL,'2021-02-25 21:06:46'),(22,'85jbbkhrvqlvk0og4k0efbielp',NULL,'01310100',72.20,1,'2021-02-26 00:09:35'),(23,'5ac5138fd4de1724604b72a871900e1e',NULL,'01310100',61.64,1,'2021-02-26 01:18:43');
/*!40000 ALTER TABLE `tb_carts` ENABLE KEYS */;
UNLOCK TABLES;

--
-- Table structure for table `tb_cartsproducts`
--

DROP TABLE IF EXISTS `tb_cartsproducts`;
/*!40101 SET @saved_cs_client     = @@character_set_client */;
/*!40101 SET character_set_client = utf8 */;
CREATE TABLE `tb_cartsproducts` (
  `idcartproduct` int(11) NOT NULL AUTO_INCREMENT,
  `idcart` int(11) NOT NULL,
  `idproduct` int(11) NOT NULL,
  `dtremoved` datetime DEFAULT NULL,
  `dtregister` timestamp NOT NULL DEFAULT CURRENT_TIMESTAMP,
  PRIMARY KEY (`idcartproduct`),
  KEY `FK_cartsproducts_carts_idx` (`idcart`),
  KEY `fk_cartsproducts_products_idx` (`idproduct`),
  CONSTRAINT `fk_cartsproducts_carts` FOREIGN KEY (`idcart`) REFERENCES `tb_carts` (`idcart`) ON DELETE NO ACTION ON UPDATE NO ACTION,
  CONSTRAINT `fk_cartsproducts_products` FOREIGN KEY (`idproduct`) REFERENCES `tb_products` (`idproduct`) ON DELETE NO ACTION ON UPDATE NO ACTION
) ENGINE=InnoDB AUTO_INCREMENT=27 DEFAULT CHARSET=utf8;
/*!40101 SET character_set_client = @saved_cs_client */;

--
-- Dumping data for table `tb_cartsproducts`
--

LOCK TABLES `tb_cartsproducts` WRITE;
/*!40000 ALTER TABLE `tb_cartsproducts` DISABLE KEYS */;
INSERT INTO `tb_cartsproducts` VALUES (17,8,2,NULL,'2021-02-24 03:12:21'),(18,8,5,NULL,'2021-02-25 01:24:10'),(19,8,5,NULL,'2021-02-25 01:29:25'),(20,15,2,'2021-02-24 22:53:24','2021-02-25 01:46:23'),(21,15,5,NULL,'2021-02-25 01:53:04'),(22,22,2,NULL,'2021-02-26 00:27:19'),(23,23,3,'2021-02-25 22:35:22','2021-02-26 01:19:27'),(24,23,1,'2021-02-25 22:35:26','2021-02-26 01:28:13'),(25,23,5,NULL,'2021-02-26 01:35:01'),(26,23,5,NULL,'2021-02-26 01:35:17');
/*!40000 ALTER TABLE `tb_cartsproducts` ENABLE KEYS */;
UNLOCK TABLES;

--
-- Table structure for table `tb_categories`
--

DROP TABLE IF EXISTS `tb_categories`;
/*!40101 SET @saved_cs_client     = @@character_set_client */;
/*!40101 SET character_set_client = utf8 */;
CREATE TABLE `tb_categories` (
  `idcategory` int(11) NOT NULL AUTO_INCREMENT,
  `descategory` varchar(32) NOT NULL,
  `dtregister` timestamp NOT NULL DEFAULT CURRENT_TIMESTAMP,
  PRIMARY KEY (`idcategory`)
) ENGINE=InnoDB AUTO_INCREMENT=4 DEFAULT CHARSET=utf8;
/*!40101 SET character_set_client = @saved_cs_client */;

--
-- Dumping data for table `tb_categories`
--

LOCK TABLES `tb_categories` WRITE;
/*!40000 ALTER TABLE `tb_categories` DISABLE KEYS */;
INSERT INTO `tb_categories` VALUES (1,'Android','2017-09-21 15:18:08'),(2,'IOS','2017-09-21 15:18:15'),(3,'Samsung','2017-09-21 15:19:14');
/*!40000 ALTER TABLE `tb_categories` ENABLE KEYS */;
UNLOCK TABLES;

--
-- Table structure for table `tb_orders`
--

DROP TABLE IF EXISTS `tb_orders`;
/*!40101 SET @saved_cs_client     = @@character_set_client */;
/*!40101 SET character_set_client = utf8 */;
CREATE TABLE `tb_orders` (
  `idorder` int(11) NOT NULL AUTO_INCREMENT,
  `idcart` int(11) NOT NULL,
  `iduser` int(11) NOT NULL,
  `idstatus` int(11) NOT NULL,
  `idaddress` int(11) NOT NULL,
  `vltotal` decimal(10,2) NOT NULL,
  `dtregister` timestamp NOT NULL DEFAULT CURRENT_TIMESTAMP,
  PRIMARY KEY (`idorder`),
  KEY `FK_orders_users_idx` (`iduser`),
  KEY `fk_orders_ordersstatus_idx` (`idstatus`),
  KEY `fk_orders_carts_idx` (`idcart`),
  KEY `fk_orders_addresses_idx` (`idaddress`),
  CONSTRAINT `fk_orders_addresses` FOREIGN KEY (`idaddress`) REFERENCES `tb_addresses` (`idaddress`) ON DELETE NO ACTION ON UPDATE NO ACTION,
  CONSTRAINT `fk_orders_carts` FOREIGN KEY (`idcart`) REFERENCES `tb_carts` (`idcart`) ON DELETE NO ACTION ON UPDATE NO ACTION,
  CONSTRAINT `fk_orders_ordersstatus` FOREIGN KEY (`idstatus`) REFERENCES `tb_ordersstatus` (`idstatus`) ON DELETE NO ACTION ON UPDATE NO ACTION,
  CONSTRAINT `fk_orders_users` FOREIGN KEY (`iduser`) REFERENCES `tb_users` (`iduser`) ON DELETE NO ACTION ON UPDATE NO ACTION
) ENGINE=InnoDB AUTO_INCREMENT=14 DEFAULT CHARSET=utf8;
/*!40101 SET character_set_client = @saved_cs_client */;

--
-- Dumping data for table `tb_orders`
--

LOCK TABLES `tb_orders` WRITE;
/*!40000 ALTER TABLE `tb_orders` DISABLE KEYS */;
INSERT INTO `tb_orders` VALUES (3,8,11,1,11,1887.78,'2021-02-24 03:20:23'),(4,8,11,1,12,1959.98,'2021-02-24 04:13:02'),(5,8,11,1,13,2653.47,'2021-02-25 01:25:11'),(6,8,11,1,14,3384.37,'2021-02-25 01:30:42'),(7,15,11,1,15,1994.58,'2021-02-25 01:48:40'),(8,15,11,1,16,762.54,'2021-02-25 01:54:37'),(9,22,11,1,17,1959.98,'2021-02-26 00:35:37'),(10,23,12,1,18,1359.42,'2021-02-26 01:25:15'),(11,23,12,1,19,2518.85,'2021-02-26 01:28:43'),(12,23,13,1,20,1421.44,'2021-02-26 01:38:22'),(13,23,13,1,21,1421.44,'2021-02-26 02:52:59');
/*!40000 ALTER TABLE `tb_orders` ENABLE KEYS */;
UNLOCK TABLES;

--
-- Table structure for table `tb_orderspagseguro`
--

DROP TABLE IF EXISTS `tb_orderspagseguro`;
/*!40101 SET @saved_cs_client     = @@character_set_client */;
/*!40101 SET character_set_client = utf8 */;
CREATE TABLE `tb_orderspagseguro` (
  `idorder` int(11) NOT NULL,
  `descode` varchar(36) NOT NULL,
  `vlgrossamount` decimal(10,2) NOT NULL,
  `vldiscountamount` decimal(10,2) NOT NULL,
  `vlfeeamount` decimal(10,2) NOT NULL,
  `vlnetamount` decimal(10,2) NOT NULL,
  `vlextraamount` decimal(10,2) NOT NULL,
  `despaymentlink` varchar(256) DEFAULT NULL,
  `dtregister` timestamp NOT NULL DEFAULT CURRENT_TIMESTAMP,
  PRIMARY KEY (`idorder`)
) ENGINE=InnoDB DEFAULT CHARSET=utf8;
/*!40101 SET character_set_client = @saved_cs_client */;

--
-- Dumping data for table `tb_orderspagseguro`
--

LOCK TABLES `tb_orderspagseguro` WRITE;
/*!40000 ALTER TABLE `tb_orderspagseguro` DISABLE KEYS */;
INSERT INTO `tb_orderspagseguro` VALUES (13,'8901615B-1DD1-44B2-A9EF-992E32523E88',1421.44,0.00,56.72,1364.72,0.00,'https://pagseguro.uol.com.br/checkout/payment/booklet/print.jhtml?c=a7fe0ff77f0973c250bb749b289e41f98a63c82e4e3c48c97c7e7f4a4ba20c79b816e151099dd99e','2021-02-26 02:53:20');
/*!40000 ALTER TABLE `tb_orderspagseguro` ENABLE KEYS */;
UNLOCK TABLES;

--
-- Table structure for table `tb_ordersstatus`
--

DROP TABLE IF EXISTS `tb_ordersstatus`;
/*!40101 SET @saved_cs_client     = @@character_set_client */;
/*!40101 SET character_set_client = utf8 */;
CREATE TABLE `tb_ordersstatus` (
  `idstatus` int(11) NOT NULL AUTO_INCREMENT,
  `desstatus` varchar(32) NOT NULL,
  `dtregister` timestamp NOT NULL DEFAULT CURRENT_TIMESTAMP,
  PRIMARY KEY (`idstatus`)
) ENGINE=InnoDB AUTO_INCREMENT=8 DEFAULT CHARSET=utf8;
/*!40101 SET character_set_client = @saved_cs_client */;

--
-- Dumping data for table `tb_ordersstatus`
--

LOCK TABLES `tb_ordersstatus` WRITE;
/*!40000 ALTER TABLE `tb_ordersstatus` DISABLE KEYS */;
INSERT INTO `tb_ordersstatus` VALUES (1,'Aguardando pagamento','2017-09-29 14:49:51'),(2,'Em análise','2017-09-29 14:49:51'),(3,'Paga','2017-09-29 14:49:51'),(4,'Disponível','2017-09-29 14:49:51'),(5,'Em disputa','2017-09-29 14:49:51'),(6,'Devolvida','2017-09-29 14:49:51'),(7,'Cancelada','2017-09-29 14:49:51');
/*!40000 ALTER TABLE `tb_ordersstatus` ENABLE KEYS */;
UNLOCK TABLES;

--
-- Table structure for table `tb_persons`
--

DROP TABLE IF EXISTS `tb_persons`;
/*!40101 SET @saved_cs_client     = @@character_set_client */;
/*!40101 SET character_set_client = utf8 */;
CREATE TABLE `tb_persons` (
  `idperson` int(11) NOT NULL AUTO_INCREMENT,
  `desperson` varchar(64) NOT NULL,
  `desemail` varchar(128) DEFAULT NULL,
  `nrphone` bigint(20) DEFAULT NULL,
  `dtregister` timestamp NOT NULL DEFAULT CURRENT_TIMESTAMP,
  PRIMARY KEY (`idperson`)
) ENGINE=InnoDB AUTO_INCREMENT=14 DEFAULT CHARSET=utf8;
/*!40101 SET character_set_client = @saved_cs_client */;

--
-- Dumping data for table `tb_persons`
--

LOCK TABLES `tb_persons` WRITE;
/*!40000 ALTER TABLE `tb_persons` DISABLE KEYS */;
INSERT INTO `tb_persons` VALUES (1,'Administrador','admin@hcode.com.br',11912345678,'2017-09-29 14:49:51'),(11,'Gabriel Sandbox','gabrielbsouza@sandbox.pagseguro.com.br',11932810347,'2021-02-24 03:19:29'),(12,'Gabriela Sueli','gabrielasueli@gmail.com',85991558393,'2021-02-26 01:23:59'),(13,'Gabriel Souza','gabrielbsouza95@gmail.com',11932810347,'2021-02-26 01:36:40');
/*!40000 ALTER TABLE `tb_persons` ENABLE KEYS */;
UNLOCK TABLES;

--
-- Table structure for table `tb_products`
--

DROP TABLE IF EXISTS `tb_products`;
/*!40101 SET @saved_cs_client     = @@character_set_client */;
/*!40101 SET character_set_client = utf8 */;
CREATE TABLE `tb_products` (
  `idproduct` int(11) NOT NULL AUTO_INCREMENT,
  `desproduct` varchar(64) NOT NULL,
  `vlprice` decimal(10,2) NOT NULL,
  `vlwidth` decimal(10,2) NOT NULL,
  `vlheight` decimal(10,2) NOT NULL,
  `vllength` decimal(10,2) NOT NULL,
  `vlweight` decimal(10,2) NOT NULL,
  `desurl` varchar(128) NOT NULL,
  `dtregister` timestamp NOT NULL DEFAULT CURRENT_TIMESTAMP,
  PRIMARY KEY (`idproduct`)
) ENGINE=InnoDB AUTO_INCREMENT=6 DEFAULT CHARSET=utf8;
/*!40101 SET character_set_client = @saved_cs_client */;

--
-- Dumping data for table `tb_products`
--

LOCK TABLES `tb_products` WRITE;
/*!40000 ALTER TABLE `tb_products` DISABLE KEYS */;
INSERT INTO `tb_products` VALUES (1,'Smartphone Motorola Moto G5 Plus',1135.23,15.20,7.40,0.70,0.16,'smartphone-motorola-moto-g5-plus','2017-09-04 18:30:32'),(2,'Smartphone Moto Z Play',1887.78,14.10,0.90,1.16,0.13,'smartphone-moto-z-play','2017-09-04 18:30:32'),(3,'Smartphone Samsung Galaxy J5 Pro',1299.00,14.60,7.10,0.80,0.16,'smartphone-samsung-galaxy-j5','2017-09-04 18:30:32'),(4,'Smartphone Samsung Galaxy J7 Prime',1149.00,15.10,7.50,0.80,0.16,'smartphone-samsung-galaxy-j7','2017-09-04 18:30:32'),(5,'Smartphone Samsung Galaxy J3 Dual',679.90,14.20,7.10,0.70,0.14,'smartphone-samsung-galaxy-j3','2017-09-04 18:30:32');
/*!40000 ALTER TABLE `tb_products` ENABLE KEYS */;
UNLOCK TABLES;

--
-- Table structure for table `tb_productscategories`
--

DROP TABLE IF EXISTS `tb_productscategories`;
/*!40101 SET @saved_cs_client     = @@character_set_client */;
/*!40101 SET character_set_client = utf8 */;
CREATE TABLE `tb_productscategories` (
  `idcategory` int(11) NOT NULL,
  `idproduct` int(11) NOT NULL,
  PRIMARY KEY (`idcategory`,`idproduct`),
  KEY `fk_productscategories_products_idx` (`idproduct`),
  CONSTRAINT `fk_productscategories_categories` FOREIGN KEY (`idcategory`) REFERENCES `tb_categories` (`idcategory`) ON DELETE NO ACTION ON UPDATE NO ACTION,
  CONSTRAINT `fk_productscategories_products` FOREIGN KEY (`idproduct`) REFERENCES `tb_products` (`idproduct`) ON DELETE NO ACTION ON UPDATE NO ACTION
) ENGINE=InnoDB DEFAULT CHARSET=utf8;
/*!40101 SET character_set_client = @saved_cs_client */;

--
-- Dumping data for table `tb_productscategories`
--

LOCK TABLES `tb_productscategories` WRITE;
/*!40000 ALTER TABLE `tb_productscategories` DISABLE KEYS */;
/*!40000 ALTER TABLE `tb_productscategories` ENABLE KEYS */;
UNLOCK TABLES;

--
-- Table structure for table `tb_users`
--

DROP TABLE IF EXISTS `tb_users`;
/*!40101 SET @saved_cs_client     = @@character_set_client */;
/*!40101 SET character_set_client = utf8 */;
CREATE TABLE `tb_users` (
  `iduser` int(11) NOT NULL AUTO_INCREMENT,
  `idperson` int(11) NOT NULL,
  `deslogin` varchar(64) NOT NULL,
  `despassword` varchar(256) NOT NULL,
  `inadmin` tinyint(4) NOT NULL DEFAULT '0',
  `dtregister` timestamp NOT NULL DEFAULT CURRENT_TIMESTAMP,
  PRIMARY KEY (`iduser`),
  KEY `FK_users_persons_idx` (`idperson`),
  CONSTRAINT `fk_users_persons` FOREIGN KEY (`idperson`) REFERENCES `tb_persons` (`idperson`) ON DELETE NO ACTION ON UPDATE NO ACTION
) ENGINE=InnoDB AUTO_INCREMENT=14 DEFAULT CHARSET=utf8;
/*!40101 SET character_set_client = @saved_cs_client */;

--
-- Dumping data for table `tb_users`
--

LOCK TABLES `tb_users` WRITE;
/*!40000 ALTER TABLE `tb_users` DISABLE KEYS */;
INSERT INTO `tb_users` VALUES (1,1,'admin','$2y$12$K//3jS6gFYzwDViewONa.uBWmbrxES.3Kl/nTqWUlcazV6Xiej1SK',1,'2017-09-29 14:49:52'),(11,11,'gabrielbsouza@sandbox.pagseguro.com.br','$2y$12$ANCgkxILJ46/aZFXkW2ale8bQ88M/9fsxpZghGleQDWieFUcFGYqG',0,'2021-02-24 03:19:29'),(12,12,'gabrielasueli@gmail.com','$2y$12$q7SL5XReY4sVg.A.LWc.0eCN3m9dsoIzxQDAnYEJb9uBXKHN7hnwu',0,'2021-02-26 01:23:59'),(13,13,'gabrielbsouza95@gmail.com','$2y$12$dsugAmCmZlswkOWfRFTvzeKQvbC1baGC2kdYGN5jactaoci.PIU7y',0,'2021-02-26 01:36:40');
/*!40000 ALTER TABLE `tb_users` ENABLE KEYS */;
UNLOCK TABLES;

--
-- Table structure for table `tb_userslogs`
--

DROP TABLE IF EXISTS `tb_userslogs`;
/*!40101 SET @saved_cs_client     = @@character_set_client */;
/*!40101 SET character_set_client = utf8 */;
CREATE TABLE `tb_userslogs` (
  `idlog` int(11) NOT NULL AUTO_INCREMENT,
  `iduser` int(11) NOT NULL,
  `deslog` varchar(128) NOT NULL,
  `desip` varchar(45) NOT NULL,
  `desuseragent` varchar(128) NOT NULL,
  `dessessionid` varchar(64) NOT NULL,
  `desurl` varchar(128) NOT NULL,
  `dtregister` timestamp NOT NULL DEFAULT CURRENT_TIMESTAMP,
  PRIMARY KEY (`idlog`),
  KEY `fk_userslogs_users_idx` (`iduser`),
  CONSTRAINT `fk_userslogs_users` FOREIGN KEY (`iduser`) REFERENCES `tb_users` (`iduser`) ON DELETE NO ACTION ON UPDATE NO ACTION
) ENGINE=InnoDB DEFAULT CHARSET=utf8;
/*!40101 SET character_set_client = @saved_cs_client */;

--
-- Dumping data for table `tb_userslogs`
--

LOCK TABLES `tb_userslogs` WRITE;
/*!40000 ALTER TABLE `tb_userslogs` DISABLE KEYS */;
/*!40000 ALTER TABLE `tb_userslogs` ENABLE KEYS */;
UNLOCK TABLES;

--
-- Table structure for table `tb_userspasswordsrecoveries`
--

DROP TABLE IF EXISTS `tb_userspasswordsrecoveries`;
/*!40101 SET @saved_cs_client     = @@character_set_client */;
/*!40101 SET character_set_client = utf8 */;
CREATE TABLE `tb_userspasswordsrecoveries` (
  `idrecovery` int(11) NOT NULL AUTO_INCREMENT,
  `iduser` int(11) NOT NULL,
  `desip` varchar(45) NOT NULL,
  `dtrecovery` datetime DEFAULT NULL,
  `dtregister` timestamp NOT NULL DEFAULT CURRENT_TIMESTAMP,
  PRIMARY KEY (`idrecovery`),
  KEY `fk_userspasswordsrecoveries_users_idx` (`iduser`),
  CONSTRAINT `fk_userspasswordsrecoveries_users` FOREIGN KEY (`iduser`) REFERENCES `tb_users` (`iduser`) ON DELETE NO ACTION ON UPDATE NO ACTION
) ENGINE=InnoDB AUTO_INCREMENT=6 DEFAULT CHARSET=utf8;
/*!40101 SET character_set_client = @saved_cs_client */;

--
-- Dumping data for table `tb_userspasswordsrecoveries`
--

LOCK TABLES `tb_userspasswordsrecoveries` WRITE;
/*!40000 ALTER TABLE `tb_userspasswordsrecoveries` DISABLE KEYS */;
/*!40000 ALTER TABLE `tb_userspasswordsrecoveries` ENABLE KEYS */;
UNLOCK TABLES;

--
-- Dumping events for database 'hcode_pagseguro'
--

--
-- Dumping routines for database 'hcode_pagseguro'
--
/*!50003 DROP PROCEDURE IF EXISTS `sp_addresses_save` */;
/*!50003 SET @saved_cs_client      = @@character_set_client */ ;
/*!50003 SET @saved_cs_results     = @@character_set_results */ ;
/*!50003 SET @saved_col_connection = @@collation_connection */ ;
/*!50003 SET character_set_client  = utf8 */ ;
/*!50003 SET character_set_results = utf8 */ ;
/*!50003 SET collation_connection  = utf8_general_ci */ ;
/*!50003 SET @saved_sql_mode       = @@sql_mode */ ;
/*!50003 SET sql_mode              = 'NO_AUTO_CREATE_USER,NO_ENGINE_SUBSTITUTION' */ ;
DELIMITER ;;
CREATE DEFINER=`user_pagseguro`@`%` PROCEDURE `sp_addresses_save`(
pidaddress int(11), 
pidperson int(11),
pdesaddress varchar(128),
pdesnumber varchar(16),
pdescomplement varchar(32),
pdescity varchar(32),
pdesstate varchar(32),
pdescountry varchar(32),
pdeszipcode char(8),
pdesdistrict varchar(32)
)
BEGIN

	IF pidaddress > 0 THEN
		
		UPDATE tb_addresses
        SET
			idperson = pidperson,
            desaddress = pdesaddress,
            desnumber = pdesnumber,
            descomplement = pdescomplement,
            descity = pdescity,
            desstate = pdesstate,
            descountry = pdescountry,
            deszipcode = pdeszipcode, 
            desdistrict = pdesdistrict
		WHERE idaddress = pidaddress;
        
    ELSE
		
		INSERT INTO tb_addresses (idperson, desaddress, desnumber, descomplement, descity, desstate, descountry, deszipcode, desdistrict)
        VALUES(pidperson, pdesaddress, pdesnumber, pdescomplement, pdescity, pdesstate, pdescountry, pdeszipcode, pdesdistrict);
        
        SET pidaddress = LAST_INSERT_ID();
        
    END IF;
    
    SELECT * FROM tb_addresses WHERE idaddress = pidaddress;

END ;;
DELIMITER ;
/*!50003 SET sql_mode              = @saved_sql_mode */ ;
/*!50003 SET character_set_client  = @saved_cs_client */ ;
/*!50003 SET character_set_results = @saved_cs_results */ ;
/*!50003 SET collation_connection  = @saved_col_connection */ ;
/*!50003 DROP PROCEDURE IF EXISTS `sp_carts_save` */;
/*!50003 SET @saved_cs_client      = @@character_set_client */ ;
/*!50003 SET @saved_cs_results     = @@character_set_results */ ;
/*!50003 SET @saved_col_connection = @@collation_connection */ ;
/*!50003 SET character_set_client  = utf8 */ ;
/*!50003 SET character_set_results = utf8 */ ;
/*!50003 SET collation_connection  = utf8_general_ci */ ;
/*!50003 SET @saved_sql_mode       = @@sql_mode */ ;
/*!50003 SET sql_mode              = 'NO_AUTO_CREATE_USER,NO_ENGINE_SUBSTITUTION' */ ;
DELIMITER ;;
CREATE DEFINER=`user_pagseguro`@`%` PROCEDURE `sp_carts_save`(
pidcart INT,
pdessessionid VARCHAR(64),
piduser INT,
pdeszipcode CHAR(8),
pvlfreight DECIMAL(10,2),
pnrdays INT
)
BEGIN

	IF pidcart > 0 THEN
		
		UPDATE tb_carts
        SET
			dessessionid = pdessessionid,
            iduser = piduser,
            deszipcode = pdeszipcode,
            vlfreight = pvlfreight,
			nrdays = pnrdays
		WHERE idcart = pidcart;
        
    ELSE
		
		INSERT INTO tb_carts (dessessionid, iduser, deszipcode, vlfreight, nrdays)
        VALUES(pdessessionid, piduser, pdeszipcode, pvlfreight, pnrdays);
        
        SET pidcart = LAST_INSERT_ID();
        
    END IF;
    
    SELECT * FROM tb_carts WHERE idcart = pidcart;

END ;;
DELIMITER ;
/*!50003 SET sql_mode              = @saved_sql_mode */ ;
/*!50003 SET character_set_client  = @saved_cs_client */ ;
/*!50003 SET character_set_results = @saved_cs_results */ ;
/*!50003 SET collation_connection  = @saved_col_connection */ ;
/*!50003 DROP PROCEDURE IF EXISTS `sp_categories_save` */;
/*!50003 SET @saved_cs_client      = @@character_set_client */ ;
/*!50003 SET @saved_cs_results     = @@character_set_results */ ;
/*!50003 SET @saved_col_connection = @@collation_connection */ ;
/*!50003 SET character_set_client  = utf8 */ ;
/*!50003 SET character_set_results = utf8 */ ;
/*!50003 SET collation_connection  = utf8_general_ci */ ;
/*!50003 SET @saved_sql_mode       = @@sql_mode */ ;
/*!50003 SET sql_mode              = 'NO_AUTO_CREATE_USER,NO_ENGINE_SUBSTITUTION' */ ;
DELIMITER ;;
CREATE DEFINER=`user_pagseguro`@`%` PROCEDURE `sp_categories_save`(
pidcategory INT,
pdescategory VARCHAR(64)
)
BEGIN
	
	IF pidcategory > 0 THEN
		
		UPDATE tb_categories
        SET descategory = pdescategory
        WHERE idcategory = pidcategory;
        
    ELSE
		
		INSERT INTO tb_categories (descategory) VALUES(pdescategory);
        
        SET pidcategory = LAST_INSERT_ID();
        
    END IF;
    
    SELECT * FROM tb_categories WHERE idcategory = pidcategory;
    
END ;;
DELIMITER ;
/*!50003 SET sql_mode              = @saved_sql_mode */ ;
/*!50003 SET character_set_client  = @saved_cs_client */ ;
/*!50003 SET character_set_results = @saved_cs_results */ ;
/*!50003 SET collation_connection  = @saved_col_connection */ ;
/*!50003 DROP PROCEDURE IF EXISTS `sp_orderspagseguro_save` */;
/*!50003 SET @saved_cs_client      = @@character_set_client */ ;
/*!50003 SET @saved_cs_results     = @@character_set_results */ ;
/*!50003 SET @saved_col_connection = @@collation_connection */ ;
/*!50003 SET character_set_client  = utf8 */ ;
/*!50003 SET character_set_results = utf8 */ ;
/*!50003 SET collation_connection  = utf8_general_ci */ ;
/*!50003 SET @saved_sql_mode       = @@sql_mode */ ;
/*!50003 SET sql_mode              = 'NO_ENGINE_SUBSTITUTION' */ ;
DELIMITER ;;
CREATE DEFINER=`user_pagseguro`@`%` PROCEDURE `sp_orderspagseguro_save`(
pidorder int, 
pdescode varchar(36), 
pvlgrossamount decimal(10,2), 
pvldiscountamount decimal(10,2), 
pvlfeeamount decimal(10,2), 
pvlnetamount decimal(10,2), 
pvlextraamount decimal(10,2),
pdespaymentlink varchar(256)
)
BEGIN
	
    DELETE FROM tb_orderspagseguro WHERE idorder = pidorder;
    
    INSERT INTO tb_orderspagseguro (idorder, descode, vlgrossamount, vldiscountamount, vlfeeamount, vlnetamount, vlextraamount, despaymentlink)
	VALUES(pidorder, pdescode, pvlgrossamount, pvldiscountamount, pvlfeeamount, pvlnetamount, pvlextraamount, pdespaymentlink);
    
END ;;
DELIMITER ;
/*!50003 SET sql_mode              = @saved_sql_mode */ ;
/*!50003 SET character_set_client  = @saved_cs_client */ ;
/*!50003 SET character_set_results = @saved_cs_results */ ;
/*!50003 SET collation_connection  = @saved_col_connection */ ;
/*!50003 DROP PROCEDURE IF EXISTS `sp_orders_save` */;
/*!50003 SET @saved_cs_client      = @@character_set_client */ ;
/*!50003 SET @saved_cs_results     = @@character_set_results */ ;
/*!50003 SET @saved_col_connection = @@collation_connection */ ;
/*!50003 SET character_set_client  = utf8 */ ;
/*!50003 SET character_set_results = utf8 */ ;
/*!50003 SET collation_connection  = utf8_general_ci */ ;
/*!50003 SET @saved_sql_mode       = @@sql_mode */ ;
/*!50003 SET sql_mode              = 'NO_AUTO_CREATE_USER,NO_ENGINE_SUBSTITUTION' */ ;
DELIMITER ;;
CREATE DEFINER=`user_pagseguro`@`%` PROCEDURE `sp_orders_save`(
pidorder INT,
pidcart int(11),
piduser int(11),
pidstatus int(11),
pidaddress int(11),
pvltotal decimal(10,2)
)
BEGIN
	
	IF pidorder > 0 THEN
		
		UPDATE tb_orders
        SET
			idcart = pidcart,
            iduser = piduser,
            idstatus = pidstatus,
            idaddress = pidaddress,
            vltotal = pvltotal
		WHERE idorder = pidorder;
        
    ELSE
    
		INSERT INTO tb_orders (idcart, iduser, idstatus, idaddress, vltotal)
        VALUES(pidcart, piduser, pidstatus, pidaddress, pvltotal);
		
		SET pidorder = LAST_INSERT_ID();
        
    END IF;
    
    SELECT * 
    FROM tb_orders a
    INNER JOIN tb_ordersstatus b USING(idstatus)
    INNER JOIN tb_carts c USING(idcart)
    INNER JOIN tb_users d ON d.iduser = a.iduser
    INNER JOIN tb_addresses e USING(idaddress)
    WHERE idorder = pidorder;
    
END ;;
DELIMITER ;
/*!50003 SET sql_mode              = @saved_sql_mode */ ;
/*!50003 SET character_set_client  = @saved_cs_client */ ;
/*!50003 SET character_set_results = @saved_cs_results */ ;
/*!50003 SET collation_connection  = @saved_col_connection */ ;
/*!50003 DROP PROCEDURE IF EXISTS `sp_products_save` */;
/*!50003 SET @saved_cs_client      = @@character_set_client */ ;
/*!50003 SET @saved_cs_results     = @@character_set_results */ ;
/*!50003 SET @saved_col_connection = @@collation_connection */ ;
/*!50003 SET character_set_client  = utf8 */ ;
/*!50003 SET character_set_results = utf8 */ ;
/*!50003 SET collation_connection  = utf8_general_ci */ ;
/*!50003 SET @saved_sql_mode       = @@sql_mode */ ;
/*!50003 SET sql_mode              = 'NO_AUTO_CREATE_USER,NO_ENGINE_SUBSTITUTION' */ ;
DELIMITER ;;
CREATE DEFINER=`user_pagseguro`@`%` PROCEDURE `sp_products_save`(
pidproduct int(11),
pdesproduct varchar(64),
pvlprice decimal(10,2),
pvlwidth decimal(10,2),
pvlheight decimal(10,2),
pvllength decimal(10,2),
pvlweight decimal(10,2),
pdesurl varchar(128)
)
BEGIN
	
	IF pidproduct > 0 THEN
		
		UPDATE tb_products
        SET 
			desproduct = pdesproduct,
            vlprice = pvlprice,
            vlwidth = pvlwidth,
            vlheight = pvlheight,
            vllength = pvllength,
            vlweight = pvlweight,
            desurl = pdesurl
        WHERE idproduct = pidproduct;
        
    ELSE
		
		INSERT INTO tb_products (desproduct, vlprice, vlwidth, vlheight, vllength, vlweight, desurl) 
        VALUES(pdesproduct, pvlprice, pvlwidth, pvlheight, pvllength, pvlweight, pdesurl);
        
        SET pidproduct = LAST_INSERT_ID();
        
    END IF;
    
    SELECT * FROM tb_products WHERE idproduct = pidproduct;
    
END ;;
DELIMITER ;
/*!50003 SET sql_mode              = @saved_sql_mode */ ;
/*!50003 SET character_set_client  = @saved_cs_client */ ;
/*!50003 SET character_set_results = @saved_cs_results */ ;
/*!50003 SET collation_connection  = @saved_col_connection */ ;
/*!50003 DROP PROCEDURE IF EXISTS `sp_userspasswordsrecoveries_create` */;
/*!50003 SET @saved_cs_client      = @@character_set_client */ ;
/*!50003 SET @saved_cs_results     = @@character_set_results */ ;
/*!50003 SET @saved_col_connection = @@collation_connection */ ;
/*!50003 SET character_set_client  = utf8 */ ;
/*!50003 SET character_set_results = utf8 */ ;
/*!50003 SET collation_connection  = utf8_general_ci */ ;
/*!50003 SET @saved_sql_mode       = @@sql_mode */ ;
/*!50003 SET sql_mode              = 'NO_AUTO_CREATE_USER,NO_ENGINE_SUBSTITUTION' */ ;
DELIMITER ;;
CREATE DEFINER=`user_pagseguro`@`%` PROCEDURE `sp_userspasswordsrecoveries_create`(
piduser INT,
pdesip VARCHAR(45)
)
BEGIN
	
	INSERT INTO tb_userspasswordsrecoveries (iduser, desip)
    VALUES(piduser, pdesip);
    
    SELECT * FROM tb_userspasswordsrecoveries
    WHERE idrecovery = LAST_INSERT_ID();
    
END ;;
DELIMITER ;
/*!50003 SET sql_mode              = @saved_sql_mode */ ;
/*!50003 SET character_set_client  = @saved_cs_client */ ;
/*!50003 SET character_set_results = @saved_cs_results */ ;
/*!50003 SET collation_connection  = @saved_col_connection */ ;
/*!50003 DROP PROCEDURE IF EXISTS `sp_usersupdate_save` */;
/*!50003 SET @saved_cs_client      = @@character_set_client */ ;
/*!50003 SET @saved_cs_results     = @@character_set_results */ ;
/*!50003 SET @saved_col_connection = @@collation_connection */ ;
/*!50003 SET character_set_client  = utf8 */ ;
/*!50003 SET character_set_results = utf8 */ ;
/*!50003 SET collation_connection  = utf8_general_ci */ ;
/*!50003 SET @saved_sql_mode       = @@sql_mode */ ;
/*!50003 SET sql_mode              = 'NO_AUTO_CREATE_USER,NO_ENGINE_SUBSTITUTION' */ ;
DELIMITER ;;
CREATE DEFINER=`user_pagseguro`@`%` PROCEDURE `sp_usersupdate_save`(
piduser INT,
pdesperson VARCHAR(64), 
pdeslogin VARCHAR(64), 
pdespassword VARCHAR(256), 
pdesemail VARCHAR(128), 
pnrphone BIGINT, 
pinadmin TINYINT
)
BEGIN
	
    DECLARE vidperson INT;
    
	SELECT idperson INTO vidperson
    FROM tb_users
    WHERE iduser = piduser;
    
    UPDATE tb_persons
    SET 
		desperson = pdesperson,
        desemail = pdesemail,
        nrphone = pnrphone
	WHERE idperson = vidperson;
    
    UPDATE tb_users
    SET
		deslogin = pdeslogin,
        despassword = pdespassword,
        inadmin = pinadmin
	WHERE iduser = piduser;
    
    SELECT * FROM tb_users a INNER JOIN tb_persons b USING(idperson) WHERE a.iduser = piduser;
    
END ;;
DELIMITER ;
/*!50003 SET sql_mode              = @saved_sql_mode */ ;
/*!50003 SET character_set_client  = @saved_cs_client */ ;
/*!50003 SET character_set_results = @saved_cs_results */ ;
/*!50003 SET collation_connection  = @saved_col_connection */ ;
/*!50003 DROP PROCEDURE IF EXISTS `sp_users_delete` */;
/*!50003 SET @saved_cs_client      = @@character_set_client */ ;
/*!50003 SET @saved_cs_results     = @@character_set_results */ ;
/*!50003 SET @saved_col_connection = @@collation_connection */ ;
/*!50003 SET character_set_client  = utf8 */ ;
/*!50003 SET character_set_results = utf8 */ ;
/*!50003 SET collation_connection  = utf8_general_ci */ ;
/*!50003 SET @saved_sql_mode       = @@sql_mode */ ;
/*!50003 SET sql_mode              = 'NO_AUTO_CREATE_USER,NO_ENGINE_SUBSTITUTION' */ ;
DELIMITER ;;
CREATE DEFINER=`user_pagseguro`@`%` PROCEDURE `sp_users_delete`(
piduser INT
)
BEGIN
    
    DECLARE vidperson INT;
    
    SET FOREIGN_KEY_CHECKS = 0;
	
	SELECT idperson INTO vidperson
    FROM tb_users
    WHERE iduser = piduser;
	
    DELETE FROM tb_addresses WHERE idperson = vidperson;
    DELETE FROM tb_addresses WHERE idaddress IN(SELECT idaddress FROM tb_orders WHERE iduser = piduser);
	DELETE FROM tb_persons WHERE idperson = vidperson;
    
    DELETE FROM tb_userslogs WHERE iduser = piduser;
    DELETE FROM tb_userspasswordsrecoveries WHERE iduser = piduser;
    DELETE FROM tb_orders WHERE iduser = piduser;
    DELETE FROM tb_cartsproducts WHERE idcart IN(SELECT idcart FROM tb_carts WHERE iduser = piduser);
    DELETE FROM tb_carts WHERE iduser = piduser;
    DELETE FROM tb_users WHERE iduser = piduser;
    
    SET FOREIGN_KEY_CHECKS = 1;
    
END ;;
DELIMITER ;
/*!50003 SET sql_mode              = @saved_sql_mode */ ;
/*!50003 SET character_set_client  = @saved_cs_client */ ;
/*!50003 SET character_set_results = @saved_cs_results */ ;
/*!50003 SET collation_connection  = @saved_col_connection */ ;
/*!50003 DROP PROCEDURE IF EXISTS `sp_users_save` */;
/*!50003 SET @saved_cs_client      = @@character_set_client */ ;
/*!50003 SET @saved_cs_results     = @@character_set_results */ ;
/*!50003 SET @saved_col_connection = @@collation_connection */ ;
/*!50003 SET character_set_client  = utf8 */ ;
/*!50003 SET character_set_results = utf8 */ ;
/*!50003 SET collation_connection  = utf8_general_ci */ ;
/*!50003 SET @saved_sql_mode       = @@sql_mode */ ;
/*!50003 SET sql_mode              = 'NO_AUTO_CREATE_USER,NO_ENGINE_SUBSTITUTION' */ ;
DELIMITER ;;
CREATE DEFINER=`user_pagseguro`@`%` PROCEDURE `sp_users_save`(
pdesperson VARCHAR(64), 
pdeslogin VARCHAR(64), 
pdespassword VARCHAR(256), 
pdesemail VARCHAR(128), 
pnrphone BIGINT, 
pinadmin TINYINT
)
BEGIN
	
    DECLARE vidperson INT;
    
	INSERT INTO tb_persons (desperson, desemail, nrphone)
    VALUES(pdesperson, pdesemail, pnrphone);
    
    SET vidperson = LAST_INSERT_ID();
    
    INSERT INTO tb_users (idperson, deslogin, despassword, inadmin)
    VALUES(vidperson, pdeslogin, pdespassword, pinadmin);
    
    SELECT * FROM tb_users a INNER JOIN tb_persons b USING(idperson) WHERE a.iduser = LAST_INSERT_ID();
    
END ;;
DELIMITER ;
/*!50003 SET sql_mode              = @saved_sql_mode */ ;
/*!50003 SET character_set_client  = @saved_cs_client */ ;
/*!50003 SET character_set_results = @saved_cs_results */ ;
/*!50003 SET collation_connection  = @saved_col_connection */ ;
/*!40103 SET TIME_ZONE=@OLD_TIME_ZONE */;

/*!40101 SET SQL_MODE=@OLD_SQL_MODE */;
/*!40014 SET FOREIGN_KEY_CHECKS=@OLD_FOREIGN_KEY_CHECKS */;
/*!40014 SET UNIQUE_CHECKS=@OLD_UNIQUE_CHECKS */;
/*!40101 SET CHARACTER_SET_CLIENT=@OLD_CHARACTER_SET_CLIENT */;
/*!40101 SET CHARACTER_SET_RESULTS=@OLD_CHARACTER_SET_RESULTS */;
/*!40101 SET COLLATION_CONNECTION=@OLD_COLLATION_CONNECTION */;
/*!40111 SET SQL_NOTES=@OLD_SQL_NOTES */;

-- Dump completed on 2021-02-26  0:08:18
